ID,Name,email,passsword
1,John Smith,john.smith@example.com,5f4dcc3b5aa765d61d8327deb882cf99
2,Alice Johnson,alice.johnson@example.com,098f6bcd4621d373cade4e832627b4f6
3,Michael Brown,michael.brown@example.com,3e25960a79dbc69b674cd4ec67a72c62
4,Emily Davis,emily.davis@example.com,81dc9bdb52d04dc20036dbd8313ed055
5,Robert Miller,robert.miller@example.com,e99a18c428cb38d5f260853678922e03
6,Emma Wilson,emma.wilson@example.com,fcea920f7412b5da7be0cf42b8c93759
7,Olivia Martinez,olivia.martinez@example.com,25d55ad283aa400af464c76d713c07ad
8,William Taylor,william.taylor@example.com,098f6bcd4621d373cade4e832627b4f6
9,Sophia Anderson,sophia.anderson@example.com,eccbc87e4b5ce2fe28308fd9f2a7baf3
10,Liam Jackson,liam.jackson@example.com,a152e841783914146e4bcd4f39100686
11,Ella White,ella.white@example.com,5f4dcc3b5aa765d61d8327deb882cf99
12,James Harris,james.harris@example.com,098f6bcd4621d373cade4e832627b4f6
13,Grace Thompson,grace.thompson@example.com,3e25960a79dbc69b674cd4ec67a72c62
14,Daniel Evans,daniel.evans@example.com,81dc9bdb52d04dc20036dbd8313ed055
15,Ava Turner,ava.turner@example.com,e99a18c428cb38d5f260853678922e03
16,Benjamin Hill,benjamin.hill@example.com,fcea920f7412b5da7be0cf42b8c93759
17,Chloe Wright,chloe.wright@example.com,25d55ad283aa400af464c76d713c07ad
18,Logan Walker,logan.walker@example.com,098f6bcd4621d373cade4e832627b4f6
19,Lily Parker,lily.parker@example.com,eccbc87e4b5ce2fe28308fd9f2a7baf3
20,Matthew Turner,matthew.turner@example.com,a152e841783914146e4bcd4f39100686
21,Emma Smith,emma.smith@example.com,5f4dcc3b5aa765d61d8327deb882cf99
22,William Johnson,william.johnson@example.com,098f6bcd4621d373cade4e832627b4f6
23,Sophia Brown,sophia.brown@example.com,3e25960a79dbc69b674cd4ec67a72c62
24,Liam Davis,liam.davis@example.com,81dc9bdb52d04dc20036dbd8313ed055
25,Olivia Miller,olivia.miller@example.com,e99a18c428cb38d5f260853678922e03
26,Ethan Wilson,ethan.wilson@example.com,fcea920f7412b5da7be0cf42b8c93759
27,Ava Martinez,ava.martinez@example.com,25d55ad283aa400af464c76d713c07ad
28,Noah Taylor,noah.taylor@example.com,098f6bcd4621d373cade4e832627b4f6
29,Isabella Anderson,isabella.anderson@example.com,eccbc87e4b5ce2fe28308fd9f2a7baf3
30,Mia Jackson,mia.jackson@example.com,a152e841783914146e4bcd4f39100686
31,Samuel White,samuel.white@example.com,5f4dcc3b5aa765d61d8327deb882cf99
32,Avery Harris,avery.harris@example.com,098f6bcd4621d373cade4e832627b4f6
33,Evelyn Thompson,evelyn.thompson@example.com,3e25960a79dbc69b674cd4ec67a72c62
34,Logan Evans,logan.evans@example.com,81dc9bdb52d04dc20036dbd8313ed055
35,Sofia Turner,sofia.turner@example.com,e99a18c428cb38d5f260853678922e03
36,Daniel Hill,daniel.hill@example.com,fcea920f7412b5da7be0cf42b8c93759
37,Grace Wright,grace.wright@example.com,25d55ad283aa400af464c76d713c07ad
38,Jack Walker,jack.walker@example.com,098f6bcd4621d373cade4e832627b4f6
39,Chloe Parker,chloe.parker@example.com,eccbc87e4b5ce2fe28308fd9f2a7baf3
40,James Turner,james.turner@example.com,a152e841783914146e4bcd4f39100686
41,Emily Brown,emily.brown@example.com,5f4dcc3b5aa765d61d8327deb882cf99
42,Aiden Johnson,aiden.johnson@example.com,098f6bcd4621d373cade4e832627b4f6
43,Scarlett Davis,scarlett.davis@example.com,3e25960a79dbc69b674cd4ec67a72c62
44,Liam Miller,liam.miller@example.com,81dc9bdb52d04dc20036dbd8313ed055
45,Charlotte Wilson,charlotte.wilson@example.com,e99a18c428cb38d5f260853678922e03
46,Mason Martinez,mason.martinez@example.com,fcea920f7412b5da7be0cf42b8c93759
47,Sophie Taylor,sophie.taylor@example.com,25d55ad283aa400af464c76d713c07ad
48,Lucas White,lucas.white@example.com,098f6bcd4621d373cade4e832627b4f6
49,Ella Anderson,ella.anderson@example.com,eccbc87e4b5ce2fe28308fd9f2a7baf3
50,Andrew Jackson,andrew.jackson@example.com,a152e841783914146e4bcd4f39100686
51,Lily Harris,lily.harris@example.com,5f4dcc3b5aa765d61d8327deb882cf99
52,Owen Thompson,owen.thompson@example.com,098f6bcd4621d373cade4e832627b4f6
53,Abigail Evans,abigail.evans@example.com,3e25960a79dbc69b674cd4ec67a72c62
54,Isaac Turner,isaac.turner@example.com,81dc9bdb52d04dc20036dbd8313ed055
55,Hannah Hill,hannah.hill@example.com,e99a18c428cb38d5f260853678922e03
56,Carter Wright,carter.wright@example.com,fcea920f7412b5da7be0cf42b8c93759
57,Ella Parker,ella.parker@example.com,25d55ad283aa400af464c76d713c07ad
58,Liam Walker,liam.walker@example.com,098f6bcd4621d373cade4e832627b4f6
59,Scarlett Parker,scarlett.parker@example.com,eccbc87e4b5ce2fe28308fd9f2a7baf3
60,Aiden Turner,aiden.turner@example.com,a152e841783914146e4bcd4f39100686
61,Grace Brown,grace.brown@example.com,5f4dcc3b5aa765d61d8327deb882cf99
62,Blake Johnson,blake.johnson@example.com,098f6bcd4621d373cade4e832627b4f6
63,Nora Davis,nora.davis@example.com,3e25960a79dbc69b674cd4ec67a72c62
64,Liam Evans,liam.evans@example.com,81dc9bdb52d04dc20036dbd8313ed055
65,Addison Turner,addison.turner@example.com,e99a18c428cb38d5f260853678922e03
66,Jack Hill,jack.hill@example.com,fcea920f7412b5da7be0cf42b8c93759
67,Mia Wright,mia.wright@example.com,25d55ad283aa400af464c76d713c07ad
68,Mason Walker,mason.walker@example.com,098f6bcd4621d373cade4e832627b4f6
69,Avery Parker,avery.parker@example.com,eccbc87e4b5ce2fe28308fd9f2a7baf3
70,Emma Turner,emma.turner@example.com,a152e841783914146e4bcd4f39100686
71,Ethan Brown,ethan.brown@example.com,5f4dcc3b5aa765d61d8327deb882cf99
72,Ava Johnson,ava.johnson@example.com,098f6bcd4621d373cade4e832627b4f6
73,William Davis,william.davis@example.com,3e25960a79dbc69b674cd4ec67a72c62
74,Sophia Turner,sophia.turner@example.com,81dc9bdb52d04dc20036dbd8313ed055
75,Oliver Hill,oliver.hill@example.com,e99a18c428cb38d5f260853678922e03
76,Chloe Wright,chloe.wright@example.com,fcea920f7412b5da7be0cf42b8c93759
77,Logan Martinez,logan.martinez@example.com,25d55ad283aa400af464c76d713c07ad
78,Ella Taylor,ella.taylor@example.com,098f6bcd4621d373cade4e832627b4f6
79,Noah White,noah.white@example.com,eccbc87e4b5ce2fe28308fd9f2a7baf3
80,Sophie Jackson,sophie.jackson@example.com,a152e841783914146e4bcd4f39100686
81,Olivia Harris,olivia.harris@example.com,5f4dcc3b5aa765d61d8327deb882cf99
82,Lucas Thompson,lucas.thompson@example.com,098f6bcd4621d373cade4e832627b4f6
83,Ava Evans,ava.evans@example.com,3e25960a79dbc69b674cd4ec67a72c62
84,Jack Turner,jack.turner@example.com,81dc9bdb52d04dc20036dbd8313ed055
85,Charlotte Hill,charlotte.hill@example.com,e99a18c428cb38d5f260853678922e03
86,James Wright,james.wright@example.com,fcea920f7412b5da7be0cf42b8c93759
87,Scarlett Parker,scarlett.parker@example.com,25d55ad283aa400af464c76d713c07ad
88,Liam Walker,liam.walker@example.com,098f6bcd4621d373cade4e832627b4f6
89,Sophia Parker,sophia.parker@example.com,eccbc87e4b5ce2fe28308fd9f2a7baf3
90,Mason Turner,mason.turner@example.com,a152e841783914146e4bcd4f39100686
91,Emily Brown,emily.brown@example.com,5f4dcc3b5aa765d61d8327deb882cf99
92,Aiden Johnson,aiden.johnson@example.com,098f6bcd4621d373cade4e832627b4f6
93,Scarlett Davis,scarlett.davis@example.com,3e25960a79dbc69b674cd4ec67a72c62
94,Liam Miller,liam.miller@example.com,81dc9bdb52d04dc20036dbd8313ed055
95,Charlotte Wilson,charlotte.wilson@example.com,e99a18c428cb38d5f260853678922e03
96,Mason Martinez,mason.martinez@example.com,fcea920f7412b5da7be0cf42b8c93759
97,Sophie Taylor,sophie.taylor@example.com,25d55ad283aa400af464c76d713c07ad
98,Lucas White,lucas.white@example.com,098f6bcd4621d373cade4e832627b4f6
99,Ella Anderson,ella.anderson@example.com,eccbc87e4b5ce2fe28308fd9f2a7baf3
100,Andrew Jackson,andrew.jackson@example.com,a152e841783914146e4bcd4f39100686